{
	"items": [
		"id предмета", "id предмета"
	],
	"characteristics": [
		{
			"id": "id характеристики",
			"name": "Имя характеристики",
			"description": "Описание характеристики",
			"value": 0,
			"namesForNums": ["предмет", "предмета", "предметов"],
			"loseIfBelowZero": true,
			"loseText": "Текст о проигрыше, закончилась эта характеристика",
			"hasLoseImg": true
		}
	]
}