[
	{
		"id": "tom",
		"name": "Том Разбойник",
		"description": "Знаменитый пират, его знают даже за пиковой горой. Недоверчив, любит золото, и ром.",
		"friendLevel": -2
	},
	{
		"id": "vasya",
		"name": "Вася Петухов",
		"description": "Обычный крестьянин. Живёт в деревни, работает в поле. У него много друзей.",
		"friendLevel": 2
	}
]