[
	{
		"id": "sword",
		"name": "Меч-Леденец",
		"description": "Меч, которого боятся все злобные персонажи."
	},
	{
		"id": "fishing-rod",
		"name": "Грибная удочка",
		"description": "Помогает ловить рыбу в грибном озере. В других озёрах распугивает рыб."
	},
	{
		"id": "fish",
		"name": "Лосось",
		"description": "На вид обычный лосось, да и на вкус тоже."
	}
]