{
	"items": [ "sword" ],
	"characteristics": [
		{
			"id": "mind",
			"name": "Рассудок",
			"description": "Рассудок очень важная вещь, без неё вы пропадёте",
			"value": 10,
			"loseIfBelowZero": true,
			"loseText": "Ваш рассудок не выдержал и ушёл. Без него вы не можете идти дальше. Конец."
		},
		{
			"id": "happy",
			"name": "Счастье",
			"description": "Счастье - просто счастье",
			"value": 5
		}
	]
}