{
	"id": "id части",
	"backImg": "Фоновая картинка (img.png)",
	"content": [
		{
			"type": "speech",
			"character": "id персонажа, который говорит",
			"characterImg": "Иконка персонажа: normal или sad или angry или happy",
			"text": "Речь персонажа"
		},
		{
			"type": "effect",
			"effectName": "darkScreen, whiteScreen или shake",
			"duraction": 1
		},
		{
			"type": "question",
			"character": "id персонажа, который говорит",
			"characterImg": "Иконка персонажа: normal или sad или angry или happy",
			"text": "Вопрос персонажа",
			"actions": [
				{
					"text": "Действие",
					"result": {
						"content": [
							{
								"type": "change",
								"characteristics": [
									{
										"id": "id характеристики",
										"by": 1
									}
								]
							}
						]
					}
				}
			]
		}
	]
}